{
	"IcoMoonType": "selection",
	"icons": [
		{
			"icon": {
				"paths": [
					"M512 64l448 448-448 448-448-448 448-448zM512 0l-512 512 512 512 512-512-512-512z",
					"M706.4 528.8v133.6h-77.6v-124.8c0-31.2-11.2-52.8-39.2-52.8-21.6 0-34.4 14.4-40 28-2.4 4.8-2.4 12-2.4 19.2v130.4h-77.6c0 0 0.8-211.2 0-233.6h77.6v32.8c0 0 0 0.8-0.8 0.8h0.8v-0.8c10.4-16 28.8-38.4 69.6-38.4 51.2 0 89.6 33.6 89.6 105.6zM388.8 316c-26.4 0-44 17.6-44 40s16.8 40 43.2 40h0.8c27.2 0 44-17.6 44-40-1.6-22.4-17.6-40-44-40zM348.8 662.4h77.6v-233.6h-77.6v233.6z"
				],
				"attrs": [
					{},
					{}
				],
				"isMulticolor": false,
				"grid": 0,
				"tags": [
					"icon-linkedin"
				]
			},
			"attrs": [
				{},
				{}
			],
			"properties": {
				"order": 5,
				"id": 2,
				"prevSize": 25,
				"code": 58880,
				"name": "icon-linkedin"
			},
			"setIdx": 0,
			"setId": 2,
			"iconIdx": 0
		},
		{
			"icon": {
				"paths": [
					"M512 64l448 448-448 448-448-448 448-448zM512 0l-512 512 512 512 512-512-512-512z",
					"M512 540l-192-168h384z",
					"M428 512l-134.4 117.6v-235.2z",
					"M452.8 535.2l59.2 52 59.2-52 132.8 116.8h-384z",
					"M596 512l134.4-117.6v235.2z"
				],
				"attrs": [
					{},
					{},
					{},
					{},
					{}
				],
				"isMulticolor": false,
				"grid": 0,
				"tags": [
					"icon-mail"
				]
			},
			"attrs": [
				{},
				{},
				{},
				{},
				{}
			],
			"properties": {
				"order": 6,
				"id": 1,
				"prevSize": 25,
				"code": 58881,
				"name": "icon-mail"
			},
			"setIdx": 0,
			"setId": 2,
			"iconIdx": 1
		},
		{
			"icon": {
				"paths": [
					"M512 64l448 448-448 448-448-448 448-448zM512 0l-512 512 512 512 512-512-512-512z",
					"M709.6 388.8c-14.4 6.4-30.4 11.2-46.4 12.8 16.8-9.6 29.6-26.4 36-44.8-16 8.8-33.6 16-51.2 19.2-15.2-16-36-25.6-59.2-25.6-44.8 0-80.8 36.8-80.8 80.8 0 6.4 0.8 12.8 1.6 18.4-67.2-3.2-127.2-36-167.2-84.8-7.2 12-11.2 26.4-11.2 40.8 0 28 14.4 52.8 36 67.2-12.8-0.8-25.6-4-36.8-10.4v1.6c0 39.2 28 72 65.6 80-6.4 1.6-13.6 2.4-21.6 2.4-5.6 0-10.4-0.8-15.2-1.6 10.4 32 40.8 55.2 76 56-27.2 21.6-62.4 34.4-100.8 34.4-6.4 0-12.8-0.8-19.2-1.6 36 23.2 78.4 36.8 124 36.8 148.8 0 230.4-123.2 230.4-230.4v-10.4c15.2-9.6 29.6-24 40-40.8z"
				],
				"attrs": [
					{},
					{}
				],
				"isMulticolor": false,
				"grid": 0,
				"tags": [
					"icon-twitter"
				]
			},
			"attrs": [
				{},
				{}
			],
			"properties": {
				"order": 7,
				"id": 0,
				"prevSize": 25,
				"code": 58882,
				"name": "icon-twitter"
			},
			"setIdx": 0,
			"setId": 2,
			"iconIdx": 2
		}
	],
	"height": 1024,
	"metadata": {
		"name": "icomoon"
	},
	"preferences": {
		"showGlyphs": true,
		"showQuickUse": true,
		"showQuickUse2": true,
		"showSVGs": true,
		"fontPref": {
			"prefix": "icon-",
			"metadata": {
				"fontFamily": "icomoon"
			},
			"metrics": {
				"emSize": 1024,
				"baseline": 6.25,
				"whitespace": 50
			},
			"embed": false
		},
		"imagePref": {
			"prefix": "icon-",
			"png": true,
			"useClassSelector": true,
			"color": 4473924,
			"bgColor": 16777215
		},
		"historySize": 100,
		"showCodes": false
	}
}