{
	"IcoMoonType": "selection",
	"icons": [
		{
			"icon": {
				"paths": [
					"M512 609.6l-450.4-393.6h900.8z",
					"M315.2 544l-315.2 275.2v-550.4z",
					"M373.6 598.4l138.4 121.6 138.4-121.6 312 273.6h-900.8z",
					"M708.8 544l315.2-275.2v550.4z"
				],
				"attrs": [
					{},
					{},
					{},
					{}
				],
				"isMulticolor": false,
				"grid": 0,
				"tags": [
					"icon-mail"
				]
			},
			"attrs": [
				{},
				{},
				{},
				{}
			],
			"properties": {
				"order": 8,
				"id": 0,
				"prevSize": 48,
				"code": 58880,
				"name": "mail"
			},
			"setIdx": 0,
			"setId": 4,
			"iconIdx": 0
		},
		{
			"icon": {
				"paths": [
					"M1024 194.418c-37.676 16.708-78.164 28.002-120.66 33.079 43.372-26 76.686-67.17 92.372-116.23-40.596 24.078-85.556 41.561-133.41 50.98-38.32-40.83-92.922-66.34-153.346-66.34-116.022 0-210.087 94.058-210.087 210.078 0 16.466 1.858 32.5 5.44 47.878-174.601-8.764-329.402-92.4-433.018-219.506-18.084 31.028-28.446 67.116-28.446 105.618 0 72.887 37.088 137.193 93.46 174.866-34.438-1.092-66.832-10.542-95.154-26.278-0.020 0.876-0.020 1.756-0.020 2.642 0 101.788 72.418 186.695 168.522 206-17.626 4.8-36.188 7.372-55.348 7.372-13.538 0-26.698-1.321-39.529-3.772 26.736 83.46 104.32 144.206 196.252 145.897-71.9 56.35-162.486 89.934-260.916 89.934-16.958 0-33.68-0.994-50.116-2.94 92.972 59.61 203.402 94.394 322.042 94.394 386.422 0 597.735-320.124 597.735-597.744 0-9.108-0.206-18.169-0.61-27.18 41.056-29.62 76.672-66.62 104.836-108.748z"
				],
				"attrs": [
					{}
				],
				"isMulticolor": false,
				"tags": [
					"twitter",
					"brand",
					"tweet",
					"social"
				],
				"grid": 16
			},
			"attrs": [
				{}
			],
			"properties": {
				"order": 1,
				"id": 1804,
				"prevSize": 48,
				"code": 58881,
				"name": "twitter"
			},
			"setIdx": 3,
			"setId": 0,
			"iconIdx": 0
		},
		{
			"icon": {
				"paths": [
					"M384 256h177.106v90.782h2.532c24.64-44.194 84.958-90.782 174.842-90.782 186.946 0 221.52 116.376 221.52 267.734v308.266h-184.61v-273.278c0-65.184-1.334-149.026-96.028-149.026-96.148 0-110.82 70.986-110.82 144.292v278.012h-184.542v-576z",
					"M64 256h192v576h-192v-576z",
					"M256 96c0 53.019-42.981 96-96 96s-96-42.981-96-96c0-53.019 42.981-96 96-96s96 42.981 96 96z"
				],
				"attrs": [],
				"tags": [
					"linkedin",
					"brand",
					"social"
				],
				"grid": 16
			},
			"attrs": [],
			"properties": {
				"id": 1805,
				"order": 7,
				"prevSize": 48,
				"ligatures": "linkedin2, brand64",
				"name": "linkedin",
				"code": 58882
			},
			"setIdx": 3,
			"setId": 0,
			"iconIdx": 1
		}
	],
	"height": 1024,
	"metadata": {
		"name": "icons"
	},
	"preferences": {
		"showGlyphs": true,
		"showQuickUse": true,
		"showQuickUse2": true,
		"showSVGs": true,
		"fontPref": {
			"prefix": "icon-",
			"metadata": {
				"fontFamily": "icons",
				"majorVersion": 1,
				"minorVersion": 0
			},
			"metrics": {
				"emSize": 1024,
				"baseline": 16,
				"whitespace": 25
			},
			"embed": false,
			"cssVars": true,
			"showSelector": true,
			"showMetrics": true,
			"showMetadata": false,
			"showVersion": false,
			"resetPoint": 58880
		},
		"imagePref": {
			"prefix": "icon-",
			"png": true,
			"useClassSelector": true,
			"color": 4473924,
			"bgColor": 16777215
		},
		"historySize": 100,
		"showCodes": true,
		"gridSize": 16,
		"showGrid": false
	}
}